{"test_acc": [11.58, 49.97, 58.48, 64.42, 67.05, 67.64, 68.14, 68.4, 68.15, 69.42, 68.41, 68.97, 69.09, 69.58, 69.22], "train_acc": [11.314, 53.254, 64.426, 73.712, 79.47, 85.762, 89.09, 92.988, 95.33, 97.8, 98.038, 99.44, 99.7, 99.89, 99.946], "train_loss": [1.972549816966057, 1.691602008342743, 1.609344498515129, 1.5218839275836944, 1.4640482133626938, 1.421085656285286, 1.3851759108901023, 1.249091885983944, 1.239496283531189, 1.2216304075717925, 1.1987663733959197, 1.2066446900367738, 1.1597561451792717, 1.1465930598974228, 0.9601601956784726, 0.920976554453373, 0.9614050774276257, 0.9837614718079567, 0.947545080780983, 0.9825939425826072, 0.9396909859776497, 0.8202809445559979, 0.7940698289871215, 0.7972417376935482, 0.8260453908145428, 0.845277399122715, 0.8394294385612011, 0.8234804871678353, 0.660687395632267, 0.6527881126850843, 0.63868741966784, 0.6675803025066852, 0.6958643797039986, 0.6545226842164993, 0.6758478382229804, 0.5140843871235847, 0.5239238159358501, 0.5598252929002047, 0.5708582375198603, 0.5633213087171316, 0.5926454114168882, 0.5858394913375378, 0.4051784887164831, 0.38718840800225734, 0.39124388583004477, 0.4204460422694683, 0.43088719837367534, 0.4403600089251995, 0.43530814215540886, 0.2982346349582076, 0.3006271287612617, 0.3162537894770503, 0.33898916505277155, 0.34594228692352774, 0.35768169129267335, 0.3591358642280102, 0.2215104591846466, 0.21857381619513036, 0.23324843786656857, 0.2201843272149563, 0.24965658001601695, 0.24432444632053374, 0.23579462664201856, 0.16826119299978018, 0.16643582247197627, 0.15760912492871285, 0.1798763981088996, 0.190524348160252, 0.19377293528988956, 0.20768227111548185, 0.12686845703981817, 0.11302046176046134, 0.10739195995498449, 0.1207879809755832, 0.12651266315951942, 0.13413132360670715, 0.1290221571084112, 0.09235799675807357, 0.08789953728206455, 0.0961842431081459, 0.09725904736202211, 0.09952663109637797, 0.10098976385314018, 0.11041340364608913, 0.07851512956200167, 0.07083023532293736, 0.06074979187222198, 0.060161488940939305, 0.06299690592801198, 0.07499123188666999, 0.0817556891334243, 0.03923908972064964, 0.04397278091055341, 0.04473414012929425, 0.05713766818167642, 0.05651854864670895, 0.05082756060408428, 0.06010699222562835], "train_time": [45.30876302719116, 42.950846433639526, 48.318095684051514, 47.19785237312317, 47.494290828704834, 47.95041513442993, 43.54034209251404, 44.26366090774536, 36.276307582855225, 35.833003759384155, 36.25932836532593, 35.91024136543274, 44.31418323516846, 47.05780625343323]}